1,1234,234,Test,Incomplete
2,1234,234,Test,Completed
3,1234,234,Test,Incomplete
4,1234,234,Test,Completed
5,1234,234,Test,Incomplete
6,1234,234,Test,Completed
7,1234,234,Test,Incomplete
8,1234,234,Test,Completed
9,1234,234,Test,Incomplete
10,1234,234,Test,Completed
11,1234,234,Test,Incomplete
12,1234,234,Test,Completed
13,1234,234,Test,Incomplete
14,1234,234,Test,Completed
15,1234,234,Test,Incomplete
16,1234,234,Test,Completed
17,1234,234,Test,Incomplete
18,1234,234,Test,Completed
19,1234,234,Test,Incomplete
20,1234,234,Test,Completed
21,1234,234,Test,Incomplete
22,1234,234,Test,Completed
23,1234,234,Test,Incomplete
24,1234,234,Test,Completed
25,1234,234,Test,Incomplete
26,1234,234,Test,Completed
27,1234,234,Test,Incomplete
28,1234,234,Test,Completed
29,1234,234,Test,Incomplete
30,1234,234,Test,Completed